{
	"network": {
		"name": "TagVision",
		"address": "10.41.45.2",
		"enable_wpi_schemas": false,
		"camera_server": true
	},
	"detector_params": {
		"quad_decimate": 3.0,
		"thread_count": 8
	},
	"tags": {
		"layout": "2026_welded",
		"tag_size": 6
	},
	"runtime": {
		"update_rate": 20
	},
	"modules": {
		"left_cam": {
			"camera": {
				"device_id": "platform-fc880000.usb-usb-0:1:1.0",
				"backend": "native",
				"width": 1600,
				"height": 1200,
				"fps": 50,
				"is_monochrome": false,
				"intrinsics": {
					"camera_matrix": [
						[
							909.0258045807326,
							0.0,
							801.7450730805796
						],
						[
							0.0,
							909.1320924435286,
							693.451312745887
						],
						[
							0.0,
							0.0,
							1.0
						]
					],
					"distortion": [
						0.028258634497674625,
						-0.02930599098921872,
						0.00031602445745346517,
						-0.0006249646695728876,
						0.06850817716872978
					]
				}
			},
			"max_errors": 5
		},
		"right_cam": {
			"disabled": true,
			"camera": {
				"device_id": "platform-fc800000.usb-usb-0:1:1.0",
				"backend": "native",
				"width": 1600,
				"height": 1200,
				"fps": 50,
				"is_monochrome": false,
				"intrinsics": {
					"camera_matrix": [
						[
							909.0258045807326,
							0.0,
							801.7450730805796
						],
						[
							0.0,
							909.1320924435286,
							693.451312745887
						],
						[
							0.0,
							0.0,
							1.0
						]
					],
					"distortion": [
						0.028258634497674625,
						-0.02930599098921872,
						0.00031602445745346517,
						-0.0006249646695728876,
						0.06850817716872978
					]
				}
			},
			"max_errors": 5
		}
	}
}