{
	"network": {
		"name": "TagVision",
		"address": "0.0.0.0",
		"disabled": false
	},
	"detector_params": {
		"quad_decimate": 3.0,
		"thread_count": 8
	},
	"tags": {
		"layout": "2025_welded",
		"tag_size": 0.1524
	},
	"modules": {
		"main": {
			"disabled": true,
			"camera": {
				"device_id": "apriltags2.jpg",
				"backend": "fake",
				"width": 718,
				"height": 718,
				"fps": 1000,
				"is_monochrome": false,
				"intrinsics": {
					"camera_matrix": [
						[
							908.098384358348,
							0.0,
							815.5219613701814
						],
						[
							0.0,
							906.7681065090385,
							675.4843979287789
						],
						[
							0.0,
							0.0,
							1.0
						]
					],
					"distortion": [
						0.04572783027440048,
						-0.07749345287804796,
						0.000584608833635219,
						-0.0001902073750203614,
						0.018512713297153965
					]
				}
			},
			"max_errors": 5
		},
		"cam": {
			"camera": {
				"device_id": "1",
				"backend": "native",
				"width": 1600,
				"height": 1200,
				"fps": 50,
				"is_monochrome": true,
				"intrinsics": {
					"camera_matrix": [
						[
							908.098384358348,
							0.0,
							815.5219613701814
						],
						[
							0.0,
							906.7681065090385,
							675.4843979287789
						],
						[
							0.0,
							0.0,
							1.0
						]
					],
					"distortion": [
						0.04572783027440048,
						-0.07749345287804796,
						0.000584608833635219,
						-0.0001902073750203614,
						0.018512713297153965
					]
				}
			},
			"max_errors": 5
		}
	}
}
